run_id,config_name,split_protocol,model,evaluation_split,seed,metric,value
20260822T212805Z-ifnd_random_stratified_v1-338ab3f2,ifnd_random_stratified_v1,random_stratified,majority,validation,42,n,8253.0
20260822T212805Z-ifnd_random_stratified_v1-338ab3f2,ifnd_random_stratified_v1,random_stratified,majority,validation,42,accuracy,0.6772082878953108
20260822T212805Z-ifnd_random_stratified_v1-338ab3f2,ifnd_random_stratified_v1,random_stratified,majority,validation,42,balanced_accuracy,0.5
20260822T212805Z-ifnd_random_stratified_v1-338ab3f2,ifnd_random_stratified_v1,random_stratified,majority,validation,42,macro_precision,0.3386041439476554
20260822T212805Z-ifnd_random_stratified_v1-338ab3f2,ifnd_random_stratified_v1,random_stratified,majority,validation,42,macro_recall,0.5
20260822T212805Z-ifnd_random_stratified_v1-338ab3f2,ifnd_random_stratified_v1,random_stratified,majority,validation,42,macro_f1,0.4037711313394018
20260822T212805Z-ifnd_random_stratified_v1-338ab3f2,ifnd_random_stratified_v1,random_stratified,majority,validation,42,weighted_f1,0.546874313111818
20260822T212805Z-ifnd_random_stratified_v1-338ab3f2,ifnd_random_stratified_v1,random_stratified,majority,validation,42,brier_score,0.2185972229822166
20260822T212805Z-ifnd_random_stratified_v1-338ab3f2,ifnd_random_stratified_v1,random_stratified,majority,validation,42,log_loss,0.6289558912627606
20260822T212805Z-ifnd_random_stratified_v1-338ab3f2,ifnd_random_stratified_v1,random_stratified,majority,validation,42,ece_10,1.6763175742950942e-05
20260822T212805Z-ifnd_random_stratified_v1-338ab3f2,ifnd_random_stratified_v1,random_stratified,majority,validation,42,true_negatives,0.0
20260822T212805Z-ifnd_random_stratified_v1-338ab3f2,ifnd_random_stratified_v1,random_stratified,majority,validation,42,false_positives,2664.0
20260822T212805Z-ifnd_random_stratified_v1-338ab3f2,ifnd_random_stratified_v1,random_stratified,majority,validation,42,false_negatives,0.0
20260822T212805Z-ifnd_random_stratified_v1-338ab3f2,ifnd_random_stratified_v1,random_stratified,majority,validation,42,true_positives,5589.0
20260822T212805Z-ifnd_random_stratified_v1-338ab3f2,ifnd_random_stratified_v1,random_stratified,majority,test,42,n,8253.0
20260822T212805Z-ifnd_random_stratified_v1-338ab3f2,ifnd_random_stratified_v1,random_stratified,majority,test,42,accuracy,0.6772082878953108
20260822T212805Z-ifnd_random_stratified_v1-338ab3f2,ifnd_random_stratified_v1,random_stratified,majority,test,42,balanced_accuracy,0.5
20260822T212805Z-ifnd_random_stratified_v1-338ab3f2,ifnd_random_stratified_v1,random_stratified,majority,test,42,macro_precision,0.3386041439476554
20260822T212805Z-ifnd_random_stratified_v1-338ab3f2,ifnd_random_stratified_v1,random_stratified,majority,test,42,macro_recall,0.5
20260822T212805Z-ifnd_random_stratified_v1-338ab3f2,ifnd_random_stratified_v1,random_stratified,majority,test,42,macro_f1,0.4037711313394018
20260822T212805Z-ifnd_random_stratified_v1-338ab3f2,ifnd_random_stratified_v1,random_stratified,majority,test,42,weighted_f1,0.546874313111818
20260822T212805Z-ifnd_random_stratified_v1-338ab3f2,ifnd_random_stratified_v1,random_stratified,majority,test,42,brier_score,0.2185972229822166
20260822T212805Z-ifnd_random_stratified_v1-338ab3f2,ifnd_random_stratified_v1,random_stratified,majority,test,42,log_loss,0.6289558912627606
20260822T212805Z-ifnd_random_stratified_v1-338ab3f2,ifnd_random_stratified_v1,random_stratified,majority,test,42,ece_10,1.6763175742950942e-05
20260822T212805Z-ifnd_random_stratified_v1-338ab3f2,ifnd_random_stratified_v1,random_stratified,majority,test,42,true_negatives,0.0
20260822T212805Z-ifnd_random_stratified_v1-338ab3f2,ifnd_random_stratified_v1,random_stratified,majority,test,42,false_positives,2664.0
20260822T212805Z-ifnd_random_stratified_v1-338ab3f2,ifnd_random_stratified_v1,random_stratified,majority,test,42,false_negatives,0.0
20260822T212805Z-ifnd_random_stratified_v1-338ab3f2,ifnd_random_stratified_v1,random_stratified,majority,test,42,true_positives,5589.0
20260822T212805Z-ifnd_random_stratified_v1-338ab3f2,ifnd_random_stratified_v1,random_stratified,source_only_logreg,validation,42,n,8253.0
20260822T212805Z-ifnd_random_stratified_v1-338ab3f2,ifnd_random_stratified_v1,random_stratified,source_only_logreg,validation,42,accuracy,0.9886102023506604
20260822T212805Z-ifnd_random_stratified_v1-338ab3f2,ifnd_random_stratified_v1,random_stratified,source_only_logreg,validation,42,balanced_accuracy,0.9886438370737888
20260822T212805Z-ifnd_random_stratified_v1-338ab3f2,ifnd_random_stratified_v1,random_stratified,source_only_logreg,validation,42,macro_precision,0.9854390924637312
20260822T212805Z-ifnd_random_stratified_v1-338ab3f2,ifnd_random_stratified_v1,random_stratified,source_only_logreg,validation,42,macro_recall,0.9886438370737888
20260822T212805Z-ifnd_random_stratified_v1-338ab3f2,ifnd_random_stratified_v1,random_stratified,source_only_logreg,validation,42,macro_f1,0.9870170977978292
20260822T212805Z-ifnd_random_stratified_v1-338ab3f2,ifnd_random_stratified_v1,random_stratified,source_only_logreg,validation,42,weighted_f1,0.9886289382741458
20260822T212805Z-ifnd_random_stratified_v1-338ab3f2,ifnd_random_stratified_v1,random_stratified,source_only_logreg,validation,42,brier_score,0.0109210697300036
20260822T212805Z-ifnd_random_stratified_v1-338ab3f2,ifnd_random_stratified_v1,random_stratified,source_only_logreg,validation,42,log_loss,0.048677043371179
20260822T212805Z-ifnd_random_stratified_v1-338ab3f2,ifnd_random_stratified_v1,random_stratified,source_only_logreg,validation,42,ece_10,0.0096192411755416
20260822T212805Z-ifnd_random_stratified_v1-338ab3f2,ifnd_random_stratified_v1,random_stratified,source_only_logreg,validation,42,true_negatives,2634.0
20260822T212805Z-ifnd_random_stratified_v1-338ab3f2,ifnd_random_stratified_v1,random_stratified,source_only_logreg,validation,42,false_positives,30.0
20260822T212805Z-ifnd_random_stratified_v1-338ab3f2,ifnd_random_stratified_v1,random_stratified,source_only_logreg,validation,42,false_negatives,64.0
20260822T212805Z-ifnd_random_stratified_v1-338ab3f2,ifnd_random_stratified_v1,random_stratified,source_only_logreg,validation,42,true_positives,5525.0
20260822T212805Z-ifnd_random_stratified_v1-338ab3f2,ifnd_random_stratified_v1,random_stratified,source_only_logreg,test,42,n,8253.0
20260822T212805Z-ifnd_random_stratified_v1-338ab3f2,ifnd_random_stratified_v1,random_stratified,source_only_logreg,test,42,accuracy,0.986429177268872
20260822T212805Z-ifnd_random_stratified_v1-338ab3f2,ifnd_random_stratified_v1,random_stratified,source_only_logreg,test,42,balanced_accuracy,0.987131757361226
20260822T212805Z-ifnd_random_stratified_v1-338ab3f2,ifnd_random_stratified_v1,random_stratified,source_only_logreg,test,42,macro_precision,0.9821117272982884
20260822T212805Z-ifnd_random_stratified_v1-338ab3f2,ifnd_random_stratified_v1,random_stratified,source_only_logreg,test,42,macro_recall,0.987131757361226
20260822T212805Z-ifnd_random_stratified_v1-338ab3f2,ifnd_random_stratified_v1,random_stratified,source_only_logreg,test,42,macro_f1,0.984560785742719
20260822T212805Z-ifnd_random_stratified_v1-338ab3f2,ifnd_random_stratified_v1,random_stratified,source_only_logreg,test,42,weighted_f1,0.9864643194292384
20260822T212805Z-ifnd_random_stratified_v1-338ab3f2,ifnd_random_stratified_v1,random_stratified,source_only_logreg,test,42,brier_score,0.0128748534964906
20260822T212805Z-ifnd_random_stratified_v1-338ab3f2,ifnd_random_stratified_v1,random_stratified,source_only_logreg,test,42,log_loss,0.0551239296285039
20260822T212805Z-ifnd_random_stratified_v1-338ab3f2,ifnd_random_stratified_v1,random_stratified,source_only_logreg,test,42,ece_10,0.0126289076713217
20260822T212805Z-ifnd_random_stratified_v1-338ab3f2,ifnd_random_stratified_v1,random_stratified,source_only_logreg,test,42,true_negatives,2635.0
20260822T212805Z-ifnd_random_stratified_v1-338ab3f2,ifnd_random_stratified_v1,random_stratified,source_only_logreg,test,42,false_positives,29.0
20260822T212805Z-ifnd_random_stratified_v1-338ab3f2,ifnd_random_stratified_v1,random_stratified,source_only_logreg,test,42,false_negatives,83.0
20260822T212805Z-ifnd_random_stratified_v1-338ab3f2,ifnd_random_stratified_v1,random_stratified,source_only_logreg,test,42,true_positives,5506.0
20260822T212805Z-ifnd_random_stratified_v1-338ab3f2,ifnd_random_stratified_v1,random_stratified,tfidf_logreg,validation,42,n,8253.0
20260822T212805Z-ifnd_random_stratified_v1-338ab3f2,ifnd_random_stratified_v1,random_stratified,tfidf_logreg,validation,42,accuracy,0.9669211195928752
20260822T212805Z-ifnd_random_stratified_v1-338ab3f2,ifnd_random_stratified_v1,random_stratified,tfidf_logreg,validation,42,balanced_accuracy,0.956422908415662
20260822T212805Z-ifnd_random_stratified_v1-338ab3f2,ifnd_random_stratified_v1,random_stratified,tfidf_logreg,validation,42,macro_precision,0.9676005915290952
20260822T212805Z-ifnd_random_stratified_v1-338ab3f2,ifnd_random_stratified_v1,random_stratified,tfidf_logreg,validation,42,macro_recall,0.956422908415662
20260822T212805Z-ifnd_random_stratified_v1-338ab3f2,ifnd_random_stratified_v1,random_stratified,tfidf_logreg,validation,42,macro_f1,0.961720418269352
20260822T212805Z-ifnd_random_stratified_v1-338ab3f2,ifnd_random_stratified_v1,random_stratified,tfidf_logreg,validation,42,weighted_f1,0.9667210926188936
20260822T212805Z-ifnd_random_stratified_v1-338ab3f2,ifnd_random_stratified_v1,random_stratified,tfidf_logreg,validation,42,brier_score,0.0324027955611777
20260822T212805Z-ifnd_random_stratified_v1-338ab3f2,ifnd_random_stratified_v1,random_stratified,tfidf_logreg,validation,42,log_loss,0.1417338732648039
20260822T212805Z-ifnd_random_stratified_v1-338ab3f2,ifnd_random_stratified_v1,random_stratified,tfidf_logreg,validation,42,ece_10,0.0660313585966394
20260822T212805Z-ifnd_random_stratified_v1-338ab3f2,ifnd_random_stratified_v1,random_stratified,tfidf_logreg,validation,42,true_negatives,2469.0
20260822T212805Z-ifnd_random_stratified_v1-338ab3f2,ifnd_random_stratified_v1,random_stratified,tfidf_logreg,validation,42,false_positives,195.0
20260822T212805Z-ifnd_random_stratified_v1-338ab3f2,ifnd_random_stratified_v1,random_stratified,tfidf_logreg,validation,42,false_negatives,78.0
20260822T212805Z-ifnd_random_stratified_v1-338ab3f2,ifnd_random_stratified_v1,random_stratified,tfidf_logreg,validation,42,true_positives,5511.0
20260822T212805Z-ifnd_random_stratified_v1-338ab3f2,ifnd_random_stratified_v1,random_stratified,tfidf_logreg,test,42,n,8253.0
20260822T212805Z-ifnd_random_stratified_v1-338ab3f2,ifnd_random_stratified_v1,random_stratified,tfidf_logreg,test,42,accuracy,0.9647400945110868
20260822T212805Z-ifnd_random_stratified_v1-338ab3f2,ifnd_random_stratified_v1,random_stratified,tfidf_logreg,test,42,balanced_accuracy,0.9528480775461452
20260822T212805Z-ifnd_random_stratified_v1-338ab3f2,ifnd_random_stratified_v1,random_stratified,tfidf_logreg,test,42,macro_precision,0.9661830369489464
20260822T212805Z-ifnd_random_stratified_v1-338ab3f2,ifnd_random_stratified_v1,random_stratified,tfidf_logreg,test,42,macro_recall,0.9528480775461452
20260822T212805Z-ifnd_random_stratified_v1-338ab3f2,ifnd_random_stratified_v1,random_stratified,tfidf_logreg,test,42,macro_f1,0.9591031510451288
20260822T212805Z-ifnd_random_stratified_v1-338ab3f2,ifnd_random_stratified_v1,random_stratified,tfidf_logreg,test,42,weighted_f1,0.9644843715535908
20260822T212805Z-ifnd_random_stratified_v1-338ab3f2,ifnd_random_stratified_v1,random_stratified,tfidf_logreg,test,42,brier_score,0.0343009827545397
20260822T212805Z-ifnd_random_stratified_v1-338ab3f2,ifnd_random_stratified_v1,random_stratified,tfidf_logreg,test,42,log_loss,0.1466667852752217
20260822T212805Z-ifnd_random_stratified_v1-338ab3f2,ifnd_random_stratified_v1,random_stratified,tfidf_logreg,test,42,ece_10,0.0612376201655602
20260822T212805Z-ifnd_random_stratified_v1-338ab3f2,ifnd_random_stratified_v1,random_stratified,tfidf_logreg,test,42,true_negatives,2449.0
20260822T212805Z-ifnd_random_stratified_v1-338ab3f2,ifnd_random_stratified_v1,random_stratified,tfidf_logreg,test,42,false_positives,215.0
20260822T212805Z-ifnd_random_stratified_v1-338ab3f2,ifnd_random_stratified_v1,random_stratified,tfidf_logreg,test,42,false_negatives,76.0
20260822T212805Z-ifnd_random_stratified_v1-338ab3f2,ifnd_random_stratified_v1,random_stratified,tfidf_logreg,test,42,true_positives,5513.0
20260822T212811Z-ifnd_source_disjoint_v1-682d7b1e,ifnd_source_disjoint_v1,source_disjoint,majority,validation,42,n,6178.0
20260822T212811Z-ifnd_source_disjoint_v1-682d7b1e,ifnd_source_disjoint_v1,source_disjoint,majority,validation,42,accuracy,0.6819359015862739
20260822T212811Z-ifnd_source_disjoint_v1-682d7b1e,ifnd_source_disjoint_v1,source_disjoint,majority,validation,42,balanced_accuracy,0.5
20260822T212811Z-ifnd_source_disjoint_v1-682d7b1e,ifnd_source_disjoint_v1,source_disjoint,majority,validation,42,macro_precision,0.3409679507931369
20260822T212811Z-ifnd_source_disjoint_v1-682d7b1e,ifnd_source_disjoint_v1,source_disjoint,majority,validation,42,macro_recall,0.5
20260822T212811Z-ifnd_source_disjoint_v1-682d7b1e,ifnd_source_disjoint_v1,source_disjoint,majority,validation,42,macro_f1,0.4054470214608796
20260822T212811Z-ifnd_source_disjoint_v1-682d7b1e,ifnd_source_disjoint_v1,source_disjoint,majority,validation,42,weighted_f1,0.5529777602507886
20260822T212811Z-ifnd_source_disjoint_v1-682d7b1e,ifnd_source_disjoint_v1,source_disjoint,majority,validation,42,brier_score,0.2169189048888272
20260822T212811Z-ifnd_source_disjoint_v1-682d7b1e,ifnd_source_disjoint_v1,source_disjoint,majority,validation,42,log_loss,0.6254465183932676
20260822T212811Z-ifnd_source_disjoint_v1-682d7b1e,ifnd_source_disjoint_v1,source_disjoint,majority,validation,42,ece_10,0.0044246101339636
20260822T212811Z-ifnd_source_disjoint_v1-682d7b1e,ifnd_source_disjoint_v1,source_disjoint,majority,validation,42,true_negatives,0.0
20260822T212811Z-ifnd_source_disjoint_v1-682d7b1e,ifnd_source_disjoint_v1,source_disjoint,majority,validation,42,false_positives,1965.0
20260822T212811Z-ifnd_source_disjoint_v1-682d7b1e,ifnd_source_disjoint_v1,source_disjoint,majority,validation,42,false_negatives,0.0
20260822T212811Z-ifnd_source_disjoint_v1-682d7b1e,ifnd_source_disjoint_v1,source_disjoint,majority,validation,42,true_positives,4213.0
20260822T212811Z-ifnd_source_disjoint_v1-682d7b1e,ifnd_source_disjoint_v1,source_disjoint,majority,test,42,n,7437.0
20260822T212811Z-ifnd_source_disjoint_v1-682d7b1e,ifnd_source_disjoint_v1,source_disjoint,majority,test,42,accuracy,0.6715073282237461
20260822T212811Z-ifnd_source_disjoint_v1-682d7b1e,ifnd_source_disjoint_v1,source_disjoint,majority,test,42,balanced_accuracy,0.5
20260822T212811Z-ifnd_source_disjoint_v1-682d7b1e,ifnd_source_disjoint_v1,source_disjoint,majority,test,42,macro_precision,0.3357536641118731
20260822T212811Z-ifnd_source_disjoint_v1-682d7b1e,ifnd_source_disjoint_v1,source_disjoint,majority,test,42,macro_recall,0.5
20260822T212811Z-ifnd_source_disjoint_v1-682d7b1e,ifnd_source_disjoint_v1,source_disjoint,majority,test,42,macro_f1,0.4017375915051082
20260822T212811Z-ifnd_source_disjoint_v1-682d7b1e,ifnd_source_disjoint_v1,source_disjoint,majority,test,42,weighted_f1,0.5395394734372758
20260822T212811Z-ifnd_source_disjoint_v1-682d7b1e,ifnd_source_disjoint_v1,source_disjoint,majority,test,42,brier_score,0.2206212839400021
20260822T212811Z-ifnd_source_disjoint_v1-682d7b1e,ifnd_source_disjoint_v1,source_disjoint,majority,test,42,log_loss,0.6331882542544733
20260822T212811Z-ifnd_source_disjoint_v1-682d7b1e,ifnd_source_disjoint_v1,source_disjoint,majority,test,42,ece_10,0.0060039632285642
20260822T212811Z-ifnd_source_disjoint_v1-682d7b1e,ifnd_source_disjoint_v1,source_disjoint,majority,test,42,true_negatives,0.0
20260822T212811Z-ifnd_source_disjoint_v1-682d7b1e,ifnd_source_disjoint_v1,source_disjoint,majority,test,42,false_positives,2443.0
20260822T212811Z-ifnd_source_disjoint_v1-682d7b1e,ifnd_source_disjoint_v1,source_disjoint,majority,test,42,false_negatives,0.0
20260822T212811Z-ifnd_source_disjoint_v1-682d7b1e,ifnd_source_disjoint_v1,source_disjoint,majority,test,42,true_positives,4994.0
20260822T212811Z-ifnd_source_disjoint_v1-682d7b1e,ifnd_source_disjoint_v1,source_disjoint,source_only_logreg,validation,42,n,6178.0
20260822T212811Z-ifnd_source_disjoint_v1-682d7b1e,ifnd_source_disjoint_v1,source_disjoint,source_only_logreg,validation,42,accuracy,0.3180640984137261
20260822T212811Z-ifnd_source_disjoint_v1-682d7b1e,ifnd_source_disjoint_v1,source_disjoint,source_only_logreg,validation,42,balanced_accuracy,0.5
20260822T212811Z-ifnd_source_disjoint_v1-682d7b1e,ifnd_source_disjoint_v1,source_disjoint,source_only_logreg,validation,42,macro_precision,0.159032049206863
20260822T212811Z-ifnd_source_disjoint_v1-682d7b1e,ifnd_source_disjoint_v1,source_disjoint,source_only_logreg,validation,42,macro_recall,0.5
20260822T212811Z-ifnd_source_disjoint_v1-682d7b1e,ifnd_source_disjoint_v1,source_disjoint,source_only_logreg,validation,42,macro_f1,0.2413115559376151
20260822T212811Z-ifnd_source_disjoint_v1-682d7b1e,ifnd_source_disjoint_v1,source_disjoint,source_only_logreg,validation,42,weighted_f1,0.1535050849522219
20260822T212811Z-ifnd_source_disjoint_v1-682d7b1e,ifnd_source_disjoint_v1,source_disjoint,source_only_logreg,validation,42,brier_score,0.2730808947684457
20260822T212811Z-ifnd_source_disjoint_v1-682d7b1e,ifnd_source_disjoint_v1,source_disjoint,source_only_logreg,validation,42,log_loss,0.7395095443853158
20260822T212811Z-ifnd_source_disjoint_v1-682d7b1e,ifnd_source_disjoint_v1,source_disjoint,source_only_logreg,validation,42,ece_10,0.2370265112903113
20260822T212811Z-ifnd_source_disjoint_v1-682d7b1e,ifnd_source_disjoint_v1,source_disjoint,source_only_logreg,validation,42,true_negatives,1965.0
20260822T212811Z-ifnd_source_disjoint_v1-682d7b1e,ifnd_source_disjoint_v1,source_disjoint,source_only_logreg,validation,42,false_positives,0.0
20260822T212811Z-ifnd_source_disjoint_v1-682d7b1e,ifnd_source_disjoint_v1,source_disjoint,source_only_logreg,validation,42,false_negatives,4213.0
20260822T212811Z-ifnd_source_disjoint_v1-682d7b1e,ifnd_source_disjoint_v1,source_disjoint,source_only_logreg,validation,42,true_positives,0.0
20260822T212811Z-ifnd_source_disjoint_v1-682d7b1e,ifnd_source_disjoint_v1,source_disjoint,source_only_logreg,test,42,n,7437.0
20260822T212811Z-ifnd_source_disjoint_v1-682d7b1e,ifnd_source_disjoint_v1,source_disjoint,source_only_logreg,test,42,accuracy,0.3284926717762538
20260822T212811Z-ifnd_source_disjoint_v1-682d7b1e,ifnd_source_disjoint_v1,source_disjoint,source_only_logreg,test,42,balanced_accuracy,0.5
20260822T212811Z-ifnd_source_disjoint_v1-682d7b1e,ifnd_source_disjoint_v1,source_disjoint,source_only_logreg,test,42,macro_precision,0.1642463358881269
20260822T212811Z-ifnd_source_disjoint_v1-682d7b1e,ifnd_source_disjoint_v1,source_disjoint,source_only_logreg,test,42,macro_recall,0.5
20260822T212811Z-ifnd_source_disjoint_v1-682d7b1e,ifnd_source_disjoint_v1,source_disjoint,source_only_logreg,test,42,macro_f1,0.2472672064777328
20260822T212811Z-ifnd_source_disjoint_v1-682d7b1e,ifnd_source_disjoint_v1,source_disjoint,source_only_logreg,test,42,weighted_f1,0.1624509305970421
20260822T212811Z-ifnd_source_disjoint_v1-682d7b1e,ifnd_source_disjoint_v1,source_disjoint,source_only_logreg,test,42,brier_score,0.2719318618386758
20260822T212811Z-ifnd_source_disjoint_v1-682d7b1e,ifnd_source_disjoint_v1,source_disjoint,source_only_logreg,test,42,log_loss,0.7372021107655451
20260822T212811Z-ifnd_source_disjoint_v1-682d7b1e,ifnd_source_disjoint_v1,source_disjoint,source_only_logreg,test,42,ece_10,0.2265979379277835
20260822T212811Z-ifnd_source_disjoint_v1-682d7b1e,ifnd_source_disjoint_v1,source_disjoint,source_only_logreg,test,42,true_negatives,2443.0
20260822T212811Z-ifnd_source_disjoint_v1-682d7b1e,ifnd_source_disjoint_v1,source_disjoint,source_only_logreg,test,42,false_positives,0.0
20260822T212811Z-ifnd_source_disjoint_v1-682d7b1e,ifnd_source_disjoint_v1,source_disjoint,source_only_logreg,test,42,false_negatives,4994.0
20260822T212811Z-ifnd_source_disjoint_v1-682d7b1e,ifnd_source_disjoint_v1,source_disjoint,source_only_logreg,test,42,true_positives,0.0
20260822T212811Z-ifnd_source_disjoint_v1-682d7b1e,ifnd_source_disjoint_v1,source_disjoint,tfidf_logreg,validation,42,n,6178.0
20260822T212811Z-ifnd_source_disjoint_v1-682d7b1e,ifnd_source_disjoint_v1,source_disjoint,tfidf_logreg,validation,42,accuracy,0.9833279378439624
20260822T212811Z-ifnd_source_disjoint_v1-682d7b1e,ifnd_source_disjoint_v1,source_disjoint,tfidf_logreg,validation,42,balanced_accuracy,0.9831596615105672
20260822T212811Z-ifnd_source_disjoint_v1-682d7b1e,ifnd_source_disjoint_v1,source_disjoint,tfidf_logreg,validation,42,macro_precision,0.9786810674964096
20260822T212811Z-ifnd_source_disjoint_v1-682d7b1e,ifnd_source_disjoint_v1,source_disjoint,tfidf_logreg,validation,42,macro_recall,0.9831596615105672
20260822T212811Z-ifnd_source_disjoint_v1-682d7b1e,ifnd_source_disjoint_v1,source_disjoint,tfidf_logreg,validation,42,macro_f1,0.9808738210022958
20260822T212811Z-ifnd_source_disjoint_v1-682d7b1e,ifnd_source_disjoint_v1,source_disjoint,tfidf_logreg,validation,42,weighted_f1,0.9833667512598948
20260822T212811Z-ifnd_source_disjoint_v1-682d7b1e,ifnd_source_disjoint_v1,source_disjoint,tfidf_logreg,validation,42,brier_score,0.0238536671445284
20260822T212811Z-ifnd_source_disjoint_v1-682d7b1e,ifnd_source_disjoint_v1,source_disjoint,tfidf_logreg,validation,42,log_loss,0.1208819267810218
20260822T212811Z-ifnd_source_disjoint_v1-682d7b1e,ifnd_source_disjoint_v1,source_disjoint,tfidf_logreg,validation,42,ece_10,0.0826553811153389
20260822T212811Z-ifnd_source_disjoint_v1-682d7b1e,ifnd_source_disjoint_v1,source_disjoint,tfidf_logreg,validation,42,true_negatives,1931.0
20260822T212811Z-ifnd_source_disjoint_v1-682d7b1e,ifnd_source_disjoint_v1,source_disjoint,tfidf_logreg,validation,42,false_positives,34.0
20260822T212811Z-ifnd_source_disjoint_v1-682d7b1e,ifnd_source_disjoint_v1,source_disjoint,tfidf_logreg,validation,42,false_negatives,69.0
20260822T212811Z-ifnd_source_disjoint_v1-682d7b1e,ifnd_source_disjoint_v1,source_disjoint,tfidf_logreg,validation,42,true_positives,4144.0
20260822T212811Z-ifnd_source_disjoint_v1-682d7b1e,ifnd_source_disjoint_v1,source_disjoint,tfidf_logreg,test,42,n,7437.0
20260822T212811Z-ifnd_source_disjoint_v1-682d7b1e,ifnd_source_disjoint_v1,source_disjoint,tfidf_logreg,test,42,accuracy,0.9592577652279144
20260822T212811Z-ifnd_source_disjoint_v1-682d7b1e,ifnd_source_disjoint_v1,source_disjoint,tfidf_logreg,test,42,balanced_accuracy,0.9573271388621728
20260822T212811Z-ifnd_source_disjoint_v1-682d7b1e,ifnd_source_disjoint_v1,source_disjoint,tfidf_logreg,test,42,macro_precision,0.9511725778032584
20260822T212811Z-ifnd_source_disjoint_v1-682d7b1e,ifnd_source_disjoint_v1,source_disjoint,tfidf_logreg,test,42,macro_recall,0.9573271388621728
20260822T212811Z-ifnd_source_disjoint_v1-682d7b1e,ifnd_source_disjoint_v1,source_disjoint,tfidf_logreg,test,42,macro_f1,0.954141839245973
20260822T212811Z-ifnd_source_disjoint_v1-682d7b1e,ifnd_source_disjoint_v1,source_disjoint,tfidf_logreg,test,42,weighted_f1,0.9593957551799234
20260822T212811Z-ifnd_source_disjoint_v1-682d7b1e,ifnd_source_disjoint_v1,source_disjoint,tfidf_logreg,test,42,brier_score,0.0384287289498644
20260822T212811Z-ifnd_source_disjoint_v1-682d7b1e,ifnd_source_disjoint_v1,source_disjoint,tfidf_logreg,test,42,log_loss,0.1600477995720594
20260822T212811Z-ifnd_source_disjoint_v1-682d7b1e,ifnd_source_disjoint_v1,source_disjoint,tfidf_logreg,test,42,ece_10,0.079768129904821
20260822T212811Z-ifnd_source_disjoint_v1-682d7b1e,ifnd_source_disjoint_v1,source_disjoint,tfidf_logreg,test,42,true_negatives,2325.0
20260822T212811Z-ifnd_source_disjoint_v1-682d7b1e,ifnd_source_disjoint_v1,source_disjoint,tfidf_logreg,test,42,false_positives,118.0
20260822T212811Z-ifnd_source_disjoint_v1-682d7b1e,ifnd_source_disjoint_v1,source_disjoint,tfidf_logreg,test,42,false_negatives,185.0
20260822T212811Z-ifnd_source_disjoint_v1-682d7b1e,ifnd_source_disjoint_v1,source_disjoint,tfidf_logreg,test,42,true_positives,4809.0
