split_protocol,model,metric,n_seeds,mean,std,minimum,maximum,ci95_low_t,ci95_high_t
random_stratified,bert_tiny,accuracy,3.0,0.9705157720424897,0.0030032410751680894,0.9672846237731734,0.973221858718042,0.9630553076301871,0.9779762364547924
random_stratified,bert_tiny,balanced_accuracy,3.0,0.9647740534415253,0.0024130197352866217,0.962584867476172,0.9673613831222528,0.958779780117902,0.9707683267651487
random_stratified,bert_tiny,brier_score,3.0,0.02473084081363437,0.0013051784890393014,0.0233408203945661,0.0259302053769525,0.021488597708446525,0.027973083918822212
random_stratified,bert_tiny,ece_10,3.0,0.010307965016221101,0.004673381912553171,0.0052400055444902,0.0144473539196351,-0.0013013592341641136,0.021917289266606316
random_stratified,bert_tiny,false_negatives,3.0,106.33333333333333,24.90649179096352,90.0,135.0,44.46217780800083,168.20448885866583
random_stratified,bert_tiny,false_positives,3.0,137.0,7.211102550927978,131.0,145.0,119.08662820994081,154.9133717900592
random_stratified,bert_tiny,log_loss,3.0,0.10333357381190589,0.0030400616599282064,0.099824246602459,0.1051620059664469,0.09578164199643192,0.11088550562737985
random_stratified,bert_tiny,macro_f1,3.0,0.9661825511020243,0.0033641731244890573,0.962584867476172,0.969250315768295,0.9578254817746241,0.9745396204294245
random_stratified,bert_tiny,macro_precision,3.0,0.9676510793549902,0.004505786124738297,0.962584867476172,0.971209968654118,0.9564580861214463,0.978844072588534
random_stratified,bert_tiny,macro_recall,3.0,0.9647740534415253,0.0024130197352866217,0.962584867476172,0.9673613831222528,0.958779780117902,0.9707683267651487
random_stratified,bert_tiny,n,3.0,8253.0,0.0,8253.0,8253.0,8253.0,8253.0
random_stratified,bert_tiny,true_negatives,3.0,2527.0,7.211102550927978,2519.0,2533.0,2509.086628209941,2544.913371790059
random_stratified,bert_tiny,true_positives,3.0,5482.666666666667,24.90649179096352,5454.0,5499.0,5420.795511141335,5544.537822191999
random_stratified,bert_tiny,weighted_f1,3.0,0.970472746862967,0.0029721082475075125,0.9672846237731734,0.9731669587649268,0.9630896206819294,0.9778558730440047
random_stratified,cnn,accuracy,3.0,0.9617108930086028,0.001950015381004604,0.9596510359869138,0.9635284139100933,0.956866786262156,0.9665549997550495
random_stratified,cnn,balanced_accuracy,3.0,0.9519867089311532,0.0007775345071682196,0.9513499006252628,0.952853215534375,0.9500552061397094,0.953918211722597
random_stratified,cnn,brier_score,3.0,0.03085830227537317,0.0018416215127673823,0.029132182680408,0.032796979641602,0.026283460824737023,0.035433143726009315
random_stratified,cnn,ece_10,3.0,0.011297973909595568,0.006940599272808115,0.003604582915859,0.0170890766500279,-0.005943430486133987,0.028539378305325123
random_stratified,cnn,false_negatives,3.0,115.0,28.827070610799147,84.0,141.0,43.389586776424224,186.6104132235758
random_stratified,cnn,false_positives,3.0,201.0,13.892443989449804,192.0,217.0,166.48925597742854,235.51074402257146
random_stratified,cnn,log_loss,3.0,0.11762609820579495,0.006592632288870094,0.1109883163479494,0.1241726337096353,0.10124909171730985,0.13400310469428003
random_stratified,cnn,macro_f1,3.0,0.9558364794968365,0.0020715721720293203,0.9536203034749572,0.9577242046951664,0.9506904089416859,0.9609825500519871
random_stratified,cnn,macro_precision,3.0,0.9600491182389428,0.004233300696776283,0.9559982411998924,0.9644438670378948,0.9495330163329019,0.9705652201449837
random_stratified,cnn,macro_recall,3.0,0.9519867089311532,0.0007775345071682196,0.9513499006252628,0.952853215534375,0.9500552061397094,0.953918211722597
random_stratified,cnn,n,3.0,8253.0,0.0,8253.0,8253.0,8253.0,8253.0
random_stratified,cnn,true_negatives,3.0,2463.0,13.892443989449804,2447.0,2472.0,2428.4892559774285,2497.5107440225715
random_stratified,cnn,true_positives,3.0,5474.0,28.827070610799147,5448.0,5505.0,5402.389586776424,5545.610413223576
random_stratified,cnn,weighted_f1,3.0,0.9615446882291337,0.0018782933171447122,0.9595476867402372,0.9632759744641856,0.956878748966286,0.9662106274919815
random_stratified,fnn,accuracy,3.0,0.9550870390565046,0.0020717021855862494,0.9537138010420452,0.9574700109051254,0.9499406455297742,0.960233432583235
random_stratified,fnn,balanced_accuracy,3.0,0.9472598605046271,0.001956882162661119,0.9451719231308604,0.9490520109481462,0.942398695726909,0.9521210252823451
random_stratified,fnn,brier_score,3.0,0.036612643314397765,0.001752318014097249,0.0346082539351538,0.0378544957491694,0.032259644052599346,0.040965642576196185
random_stratified,fnn,ece_10,3.0,0.0253581483443583,0.0034839547612545204,0.0223394175576497,0.0291704225736202,0.016703524935893825,0.034012771752822774
random_stratified,fnn,false_negatives,3.0,171.33333333333334,22.479620400116488,152.0,196.0,115.49086055157193,227.17580611509476
random_stratified,fnn,false_positives,3.0,199.33333333333334,13.503086067019396,186.0,213.0,165.78980800924,232.87685865742668
random_stratified,fnn,log_loss,3.0,0.137010689081654,0.005787139849576922,0.1304337412124644,0.1413232749159126,0.12263463673814684,0.15138674142516118
random_stratified,fnn,macro_f1,3.0,0.9484946571472458,0.002285562928215299,0.9471163730124392,0.95113291376532,0.9428170040846876,0.954172310209804
random_stratified,fnn,macro_precision,3.0,0.9497912648513581,0.0033301794966344904,0.9466811312804468,0.9533047486909988,0.9415186403768706,0.9580638893258456
random_stratified,fnn,macro_recall,3.0,0.9472598605046271,0.001956882162661119,0.9451719231308604,0.9490520109481462,0.942398695726909,0.9521210252823451
random_stratified,fnn,n,3.0,8253.0,0.0,8253.0,8253.0,8253.0,8253.0
random_stratified,fnn,true_negatives,3.0,2464.6666666666665,13.503086067019394,2451.0,2478.0,2431.123141342573,2498.21019199076
random_stratified,fnn,true_positives,3.0,5417.666666666667,22.479620400116485,5393.0,5437.0,5361.824193884906,5473.509139448428
random_stratified,fnn,weighted_f1,3.0,0.9550251074292723,0.002033887984515648,0.9537364337282532,0.9573697943622012,0.9499726495854611,0.9600775652730834
random_stratified,lstm,accuracy,3.0,0.9624782907225655,0.002513568057272291,0.9597722040470132,0.9647400945110868,0.9562342415204445,0.9687223399246866
random_stratified,lstm,balanced_accuracy,3.0,0.951898456427442,0.003180749271458932,0.9494748371559966,0.9555001861765148,0.9439970372105885,0.9597998756442955
random_stratified,lstm,brier_score,3.0,0.031105135942150034,0.0019518185357036192,0.0293420780487763,0.0332025249732116,0.026256549911115368,0.0359537219731847
random_stratified,lstm,ece_10,3.0,0.0149945420965552,0.001740936234496561,0.0130432944755652,0.0163888943557717,0.010669816742689676,0.019319267450420723
random_stratified,lstm,false_negatives,3.0,102.0,18.520259177452136,83.0,120.0,55.993125745901004,148.006874254099
random_stratified,lstm,false_positives,3.0,207.66666666666666,17.8978583448784,188.0,223.0,163.20592179258887,252.12741154074445
random_stratified,lstm,log_loss,3.0,0.12246041893960936,0.005275501890797605,0.1167091750280631,0.1270748092244694,0.10935534574426886,0.13556549213494987
random_stratified,lstm,macro_f1,3.0,0.9566293079332578,0.0028985686568869296,0.953567039464007,0.9593303071709334,0.9494288642225875,0.9638297516439281
random_stratified,lstm,macro_precision,3.0,0.9618576160145217,0.0033443196930524723,0.958013163848938,0.9640954603306944,0.9535498653448607,0.9701653666841826
random_stratified,lstm,macro_recall,3.0,0.951898456427442,0.003180749271458932,0.9494748371559966,0.9555001861765148,0.9439970372105885,0.9597998756442955
random_stratified,lstm,n,3.0,8253.0,0.0,8253.0,8253.0,8253.0,8253.0
random_stratified,lstm,true_negatives,3.0,2456.3333333333335,17.897858344878397,2441.0,2476.0,2411.872588459256,2500.794078207411
random_stratified,lstm,true_positives,3.0,5487.0,18.520259177452136,5469.0,5506.0,5440.993125745901,5533.006874254099
random_stratified,lstm,weighted_f1,3.0,0.9622739762748392,0.002523453823078292,0.9595829845767988,0.9645873264300526,0.9560053694690699,0.9685425830806086
random_stratified,majority,accuracy,3.0,0.6772082878953108,0.0,0.6772082878953108,0.6772082878953108,0.6772082878953108,0.6772082878953108
random_stratified,majority,balanced_accuracy,3.0,0.5,0.0,0.5,0.5,0.5,0.5
random_stratified,majority,brier_score,3.0,0.2185972229822166,0.0,0.2185972229822166,0.2185972229822166,0.2185972229822166,0.2185972229822166
random_stratified,majority,ece_10,3.0,1.6763175742950942e-05,0.0,1.6763175742950942e-05,1.6763175742950942e-05,1.6763175742950942e-05,1.6763175742950942e-05
random_stratified,majority,false_negatives,3.0,0.0,0.0,0.0,0.0,0.0,0.0
random_stratified,majority,false_positives,3.0,2664.0,0.0,2664.0,2664.0,2664.0,2664.0
random_stratified,majority,log_loss,3.0,0.6289558912627606,0.0,0.6289558912627606,0.6289558912627606,0.6289558912627606,0.6289558912627606
random_stratified,majority,macro_f1,3.0,0.40377113133940173,6.798699777552591e-17,0.4037711313394018,0.4037711313394018,0.40377113133940157,0.4037711313394019
random_stratified,majority,macro_precision,3.0,0.3386041439476554,0.0,0.3386041439476554,0.3386041439476554,0.3386041439476554,0.3386041439476554
random_stratified,majority,macro_recall,3.0,0.5,0.0,0.5,0.5,0.5,0.5
random_stratified,majority,n,3.0,8253.0,0.0,8253.0,8253.0,8253.0,8253.0
random_stratified,majority,true_negatives,3.0,0.0,0.0,0.0,0.0,0.0,0.0
random_stratified,majority,true_positives,3.0,5589.0,0.0,5589.0,5589.0,5589.0,5589.0
random_stratified,majority,weighted_f1,3.0,0.546874313111818,0.0,0.546874313111818,0.546874313111818,0.546874313111818,0.546874313111818
random_stratified,source_only_logreg,accuracy,3.0,0.9870350175693687,0.001717853735460739,0.9857021689082758,0.9889737065309584,0.9827676323218395,0.991302402816898
random_stratified,source_only_logreg,balanced_accuracy,3.0,0.9871861595895411,0.0016995138621854558,0.9855145000072536,0.988912221400144,0.9829643331128438,0.9914079860662385
random_stratified,source_only_logreg,brier_score,3.0,0.0123315325054323,0.001532207574044778,0.0106017013150026,0.0135180427048037,0.00852531788851818,0.01613774712234642
random_stratified,source_only_logreg,ece_10,3.0,0.010602681092271601,0.001945007874227745,0.0087506041452672,0.0126289076713217,0.005771013682251116,0.015434348502292087
random_stratified,source_only_logreg,false_negatives,3.0,74.0,11.532562594670797,61.0,83.0,45.35152634545704,102.64847365454295
random_stratified,source_only_logreg,false_positives,3.0,33.0,6.082762530298219,29.0,40.0,17.88958020686433,48.11041979313567
random_stratified,source_only_logreg,log_loss,3.0,0.05331031370524083,0.004960122446464977,0.0476986239548615,0.0571083875323571,0.04098868648107787,0.06563194092940379
random_stratified,source_only_logreg,macro_f1,3.0,0.9852323985097654,0.0019484276787487319,0.9837086155198868,0.9874277942666906,0.9803922358343675,0.9900725611851633
random_stratified,source_only_logreg,macro_precision,3.0,0.9833529844676843,0.0022796769575819434,0.9819632928016516,0.9859839333031128,0.9776899529667467,0.9890160159686219
random_stratified,source_only_logreg,macro_recall,3.0,0.9871861595895411,0.0016995138621854558,0.9855145000072536,0.988912221400144,0.9829643331128438,0.9914079860662385
random_stratified,source_only_logreg,n,3.0,8253.0,0.0,8253.0,8253.0,8253.0,8253.0
random_stratified,source_only_logreg,true_negatives,3.0,2631.0,6.082762530298219,2624.0,2635.0,2615.889580206864,2646.110419793136
random_stratified,source_only_logreg,true_positives,3.0,5515.0,11.532562594670797,5506.0,5528.0,5486.351526345457,5543.648473654543
random_stratified,source_only_logreg,weighted_f1,3.0,0.9870609981500428,0.0017108322709123037,0.9857284089598028,0.988990266061087,0.9828110551873901,0.9913109411126955
random_stratified,tfidf_logreg,accuracy,3.0,0.9661537218789128,0.001393871636716945,0.9647400945110868,0.967526959893372,0.9626911527808051,0.9696162909770205
random_stratified,tfidf_logreg,balanced_accuracy,3.0,0.9557908351185325,0.002595566975357382,0.9528480775461452,0.9577542518363776,0.9493430893116734,0.9622385809253915
random_stratified,tfidf_logreg,brier_score,3.0,0.032872871863461134,0.0014409160200624074,0.0314194833137262,0.0343009827545397,0.02929343803855891,0.03645230568836336
random_stratified,tfidf_logreg,ece_10,3.0,0.06338272262023677,0.002009538012976006,0.0612376201655602,0.065221527473864,0.058390753459007246,0.06837469178146628
random_stratified,tfidf_logreg,false_negatives,3.0,83.66666666666667,8.621678104251709,76.0,93.0,62.24923094932291,105.08410238401044
random_stratified,tfidf_logreg,false_positives,3.0,195.66666666666666,16.743157806499145,186.0,215.0,154.0743569457552,237.25897638757812
random_stratified,tfidf_logreg,log_loss,3.0,0.14317672772955878,0.003913978729698199,0.1389449634978373,0.1466667852752217,0.13345386556412683,0.15289958989499072
random_stratified,tfidf_logreg,macro_f1,3.0,0.9608501737112297,0.0016878354616249522,0.9591031510451288,0.9624718310184162,0.9566573579897777,0.9650429894326817
random_stratified,tfidf_logreg,macro_precision,3.0,0.9664592456461407,0.0010780469042377446,0.9655461760346188,0.9676485239548568,0.963781228676288,0.9691372626159934
random_stratified,tfidf_logreg,macro_recall,3.0,0.9557908351185325,0.002595566975357382,0.9528480775461452,0.9577542518363776,0.9493430893116734,0.9622385809253915
random_stratified,tfidf_logreg,n,3.0,8253.0,0.0,8253.0,8253.0,8253.0,8253.0
random_stratified,tfidf_logreg,true_negatives,3.0,2468.3333333333335,16.743157806499145,2449.0,2478.0,2426.741023612422,2509.925643054245
random_stratified,tfidf_logreg,true_positives,3.0,5505.333333333333,8.621678104251709,5496.0,5513.0,5483.91589761599,5526.750769050676
random_stratified,tfidf_logreg,weighted_f1,3.0,0.9659570217169319,0.001436031050557295,0.9644843715535908,0.9673533932367212,0.962389722828998,0.9695243206048657
source_disjoint,bert_tiny,accuracy,3.0,0.9576148049370486,0.008995393330223355,0.9476190476190476,0.9650582362728786,0.9352690091334134,0.9799606007406839
source_disjoint,bert_tiny,balanced_accuracy,3.0,0.9615561496237021,0.004949262584883426,0.9567607694231316,0.9666461336683978,0.9492614997912382,0.9738507994561659
source_disjoint,bert_tiny,brier_score,3.0,0.0354959829656094,0.007580108629247558,0.0285495735285184,0.043580976250472,0.016665949260531443,0.05432601667068736
source_disjoint,bert_tiny,ece_10,3.0,0.041098785686008894,0.016285798071812317,0.0229681430119014,0.054486960941913,0.0006426205298691104,0.08155495084214867
source_disjoint,bert_tiny,false_negatives,3.0,242.0,105.78752289377042,132.0,343.0,-20.79077505306651,504.7907750530665
source_disjoint,bert_tiny,false_positives,3.0,65.66666666666667,47.18403684863487,35.0,120.0,-51.54497866164439,182.87831199497774
source_disjoint,bert_tiny,log_loss,3.0,0.14173084762380284,0.024144515922233264,0.1181000408709912,0.166358213311948,0.08175254508942689,0.20170915015817878
source_disjoint,bert_tiny,macro_f1,3.0,0.9526018470521773,0.00982054240020429,0.94167158568425,0.9606823348543578,0.9282062673259868,0.9769974267783679
source_disjoint,bert_tiny,macro_precision,3.0,0.9458680670707151,0.01463930451840701,0.9308618378090996,0.9601105473462648,0.9095020186427433,0.982234115498687
source_disjoint,bert_tiny,macro_recall,3.0,0.9615561496237021,0.004949262584883426,0.9567607694231316,0.9666461336683978,0.9492614997912382,0.9738507994561659
source_disjoint,bert_tiny,n,3.0,7247.333333333333,90.34009814768486,7180.0,7350.0,7022.916088641443,7471.750578025223
source_disjoint,bert_tiny,true_negatives,3.0,2288.3333333333335,17.925772879665004,2277.0,2309.0,2243.8032449106863,2332.8634217559807
source_disjoint,bert_tiny,true_positives,3.0,4651.333333333333,34.23935357645254,4615.0,4683.0,4566.278063888114,4736.388602778552
source_disjoint,bert_tiny,weighted_f1,3.0,0.9580216726643712,0.008643262970535893,0.9483818026434933,0.9650800612176094,0.9365506171666879,0.9794927281620546
source_disjoint,cnn,accuracy,3.0,0.9543967274354221,0.00281113305454752,0.951156462585034,0.9561841375485304,0.9474134858018728,0.9613799690689715
source_disjoint,cnn,balanced_accuracy,3.0,0.9484029825065926,0.0068042008515295915,0.9437214482797164,0.9562081413693378,0.9315004105729843,0.9653055544402009
source_disjoint,cnn,brier_score,3.0,0.0365917706597637,0.0016661805159376105,0.0351289888019459,0.0384054551897899,0.03245274880553946,0.04073079251398794
source_disjoint,cnn,ece_10,3.0,0.036445765546042765,0.01672538282374274,0.0240748190700853,0.0554748439269514,-0.005102388669877798,0.07799391976196332
source_disjoint,cnn,false_negatives,3.0,167.33333333333334,66.52317891782783,92.0,218.0,2.0805958780427147,332.58607078862394
source_disjoint,cnn,false_positives,3.0,163.33333333333334,62.58061467685767,99.0,224.0,7.87446839003502,318.79219827663167
source_disjoint,cnn,log_loss,3.0,0.1413811989160405,0.009950834428094007,0.1306171298293879,0.1502446438544033,0.11666195584982866,0.16610044198225235
source_disjoint,cnn,macro_f1,3.0,0.9480247397080692,0.003462651627055386,0.944028059174198,0.9501224017902342,0.9394230362186473,0.9566264431974911
source_disjoint,cnn,macro_precision,3.0,0.9482104449778195,0.007718774561319633,0.942808665667532,0.95705096539879,0.9290359460015463,0.9673849439540927
source_disjoint,cnn,macro_recall,3.0,0.9484029825065926,0.0068042008515295915,0.9437214482797164,0.9562081413693378,0.9315004105729843,0.9653055544402009
source_disjoint,cnn,n,3.0,7247.333333333333,90.34009814768486,7180.0,7350.0,7022.916088641443,7471.750578025223
source_disjoint,cnn,true_negatives,3.0,2190.6666666666665,21.77919496522618,2173.0,2215.0,2136.564147121985,2244.769186211348
source_disjoint,cnn,true_positives,3.0,4726.0,79.54244150137711,4648.0,4807.0,4528.405621381735,4923.594378618265
source_disjoint,cnn,weighted_f1,3.0,0.9544047259864697,0.0027575372712319315,0.9512244039061438,0.956129703202506,0.9475546236594454,0.9612548283134941
source_disjoint,fnn,accuracy,3.0,0.9450333140763139,0.005281718053283267,0.939591836734694,0.9501392757660168,0.9319127990773204,0.9581538290753073
source_disjoint,fnn,balanced_accuracy,3.0,0.9436232199792545,0.009912768171008623,0.934299237559124,0.9540350361156966,0.9189985387378136,0.9682479012206954
source_disjoint,fnn,brier_score,3.0,0.043056478543314236,0.004669528590191683,0.0380189109913595,0.047240099285555,0.03145672647632272,0.05465623061030575
source_disjoint,fnn,ece_10,3.0,0.048591195621294964,0.010946639027045247,0.0382249840591077,0.0600380981243785,0.021398236797293923,0.075784154445296
source_disjoint,fnn,false_negatives,3.0,256.0,20.518284528683193,236.0,277.0,205.02975562187473,306.97024437812524
source_disjoint,fnn,false_positives,3.0,142.66666666666666,55.60875230872684,81.0,189.0,4.526867953175071,280.8064653801582
source_disjoint,fnn,log_loss,3.0,0.16037099645939193,0.01751660269426985,0.1410169025261954,0.175136820879137,0.11685734312480875,0.2038846497939751
source_disjoint,fnn,macro_f1,3.0,0.9380504673154202,0.0065631044487130755,0.931087603759254,0.9441228908589046,0.9217468120482156,0.9543541225826248
source_disjoint,fnn,macro_precision,3.0,0.9332954354305109,0.004513339752052065,0.9280919555808698,0.9361483402578124,0.9220836779464965,0.9445071929145252
source_disjoint,fnn,macro_recall,3.0,0.9436232199792545,0.009912768171008623,0.934299237559124,0.9540350361156966,0.9189985387378136,0.9682479012206954
source_disjoint,fnn,n,3.0,7247.333333333333,90.34009814768486,7180.0,7350.0,7022.916088641443,7471.750578025223
source_disjoint,fnn,true_negatives,3.0,2211.3333333333335,42.82911782109612,2162.0,2239.0,2104.9399065929506,2317.7267600737164
source_disjoint,fnn,true_positives,3.0,4637.333333333333,92.51126057585279,4579.0,4744.0,4407.5226221752955,4867.144044491371
source_disjoint,fnn,weighted_f1,3.0,0.9453440340454149,0.00541924186888637,0.9398092183676834,0.9506397899603264,0.9318818909498179,0.9588061771410119
source_disjoint,lstm,accuracy,3.0,0.9509028902124242,0.004670855679423877,0.9455431754874652,0.9541042706600112,0.9392998414730241,0.9625059389518243
source_disjoint,lstm,balanced_accuracy,3.0,0.9471162244758425,0.0025525236370894954,0.9442588542011888,0.9491709713138384,0.9407754042488145,0.9534570447028706
source_disjoint,lstm,brier_score,3.0,0.03904770289219713,0.0030987289542013384,0.0370306729629952,0.0426156736251468,0.03135003343857293,0.04674537234582134
source_disjoint,lstm,ece_10,3.0,0.040429807638836336,0.026439605943124844,0.024218519582543,0.0709396558950879,-0.025249814568298244,0.10610942984597091
source_disjoint,lstm,false_negatives,3.0,204.33333333333334,86.03100216394863,127.0,297.0,-9.379523521805709,418.0461901884724
source_disjoint,lstm,false_positives,3.0,151.33333333333334,55.14828495368948,94.0,204.0,14.337398941520007,288.3292677251467
source_disjoint,lstm,log_loss,3.0,0.14892086944031183,0.006837979194974092,0.1419072408380627,0.155568498897281,0.1319343874499125,0.16590735143071114
source_disjoint,lstm,macro_f1,3.0,0.944379678850701,0.004714091229603737,0.9390158693464452,0.947864588473654,0.9326692270506108,0.9560901306507911
source_disjoint,lstm,macro_precision,3.0,0.942451572735131,0.010601529595084449,0.930921843835924,0.951778942397158,0.9161159132657446,0.9687872322045175
source_disjoint,lstm,macro_recall,3.0,0.9471162244758425,0.0025525236370894954,0.9442588542011888,0.9491709713138384,0.9407754042488145,0.9534570447028706
source_disjoint,lstm,n,3.0,7247.333333333333,90.34009814768486,7180.0,7350.0,7022.916088641443,7471.750578025223
source_disjoint,lstm,true_negatives,3.0,2202.6666666666665,15.044378795195676,2193.0,2220.0,2165.294357951664,2240.038975381669
source_disjoint,lstm,true_positives,3.0,4689.0,120.50311199301038,4569.0,4810.0,4389.65367511489,4988.34632488511
source_disjoint,lstm,weighted_f1,3.0,0.9510553458279727,0.00430218590940363,0.9461072636724916,0.9539117033139792,0.9403681235674622,0.9617425680884831
source_disjoint,majority,accuracy,3.0,0.6751630676912456,0.006628915719365317,0.6676372712146422,0.6801360544217687,0.6586959281647556,0.6916302072177355
source_disjoint,majority,balanced_accuracy,3.0,0.5,0.0,0.5,0.5,0.5,0.5
source_disjoint,majority,brier_score,3.0,0.21933991670789432,0.0023786724486298517,0.2175607127176612,0.2220416741843989,0.21343096677435142,0.22524886664143723
source_disjoint,majority,ece_10,3.0,0.0052192011959822995,0.006008986460424629,0.0005443481804077,0.0119970364961722,-0.009707948679755656,0.020146351071720255
source_disjoint,majority,false_negatives,3.0,0.0,0.0,0.0,0.0,0.0,0.0
source_disjoint,majority,false_positives,3.0,2354.0,41.58124577258358,2314.0,2397.0,2250.706459274766,2457.293540725234
source_disjoint,majority,log_loss,3.0,0.6305122149621215,0.0049789404608787165,0.6267891035457811,0.6361676709258482,0.6181438411986931,0.6428805887255499
source_disjoint,majority,macro_f1,3.0,0.40303694650861716,0.002366901205522113,0.4003492142678972,0.404810106081464,0.3971572379639924,0.40891665505324193
source_disjoint,majority,macro_precision,3.0,0.3375815338456228,0.003314457859682627,0.3338186356073211,0.3400680272108843,0.3293479640823779,0.3458151036088677
source_disjoint,majority,macro_recall,3.0,0.5,0.0,0.5,0.5,0.5,0.5
source_disjoint,majority,n,3.0,7247.333333333333,90.34009814768486,7180.0,7350.0,7022.916088641443,7471.750578025223
source_disjoint,majority,true_negatives,3.0,0.0,0.0,0.0,0.0,0.0,0.0
source_disjoint,majority,true_positives,3.0,4893.333333333333,94.99649116327052,4815.0,4999.0,4657.348967150696,5129.31769951597
source_disjoint,majority,weighted_f1,3.0,0.5442522423652569,0.008524034269516935,0.53457611389349,0.5506518966806092,0.5230773673800977,0.5654271173504162
source_disjoint,source_only_logreg,accuracy,3.0,0.3248369323087543,0.0066289157193652965,0.3198639455782313,0.3323627287853577,0.3083697927822644,0.34130407183524425
source_disjoint,source_only_logreg,balanced_accuracy,3.0,0.5,0.0,0.5,0.5,0.5,0.5
source_disjoint,source_only_logreg,brier_score,3.0,0.3246437318112733,0.04494402768088631,0.2820791231180625,0.3716389937721956,0.2129965777312329,0.4362908858913137
source_disjoint,source_only_logreg,ece_10,3.0,0.3190546296600547,0.07306781510189356,0.2453189308193604,0.3914357250756686,0.13754411465024063,0.5005651446698688
source_disjoint,source_only_logreg,false_negatives,3.0,4893.333333333333,94.99649116327052,4815.0,4999.0,4657.348967150696,5129.31769951597
source_disjoint,source_only_logreg,false_positives,3.0,0.0,0.0,0.0,0.0,0.0,0.0
source_disjoint,source_only_logreg,log_loss,3.0,0.8507476932797816,0.09985920081738545,0.7578787551664331,0.956371521499748,0.602683686664065,1.0988116998954982
source_disjoint,source_only_logreg,macro_f1,3.0,0.24517755700775226,0.003767546188552433,0.2423461498814555,0.2494536372151108,0.23581845344000793,0.25453666057549656
source_disjoint,source_only_logreg,macro_precision,3.0,0.16241846615437713,0.003314457859682632,0.1599319727891156,0.1661813643926788,0.15418489639113223,0.17065203591762204
source_disjoint,source_only_logreg,macro_recall,3.0,0.5,0.0,0.5,0.5,0.5,0.5
source_disjoint,source_only_logreg,n,3.0,7247.333333333333,90.34009814768486,7180.0,7350.0,7022.916088641443,7471.750578025223
source_disjoint,source_only_logreg,true_negatives,3.0,2354.0,41.58124577258358,2314.0,2397.0,2250.706459274766,2457.293540725234
source_disjoint,source_only_logreg,true_positives,3.0,0.0,0.0,0.0,0.0,0.0,0.0
source_disjoint,source_only_logreg,weighted_f1,3.0,0.15931875060200415,0.005722759107317211,0.1550355913935515,0.1658181831404938,0.14510262888825481,0.17353487231575349
source_disjoint,tfidf_logreg,accuracy,3.0,0.9642410435284628,0.004295650239968211,0.9602721088435374,0.968801996672213,0.9535700567708685,0.9749120302860572
source_disjoint,tfidf_logreg,balanced_accuracy,3.0,0.9617974550241174,0.003651603376083991,0.9576134708013488,0.9643421216697378,0.9527263693692324,0.9708685406790024
source_disjoint,tfidf_logreg,brier_score,3.0,0.035761465975683866,0.002182993150424302,0.0334962217263615,0.037851668625932,0.030338610366222197,0.04118432158514554
source_disjoint,tfidf_logreg,ece_10,3.0,0.07984105600796775,0.004310179140026117,0.0769214737826219,0.0847915023515679,0.06913397746182925,0.09054813455410624
source_disjoint,tfidf_logreg,false_negatives,3.0,152.33333333333334,46.36090306856989,99.0,183.0,37.16646566989728,267.5002009967694
source_disjoint,tfidf_logreg,false_positives,3.0,107.0,25.514701644346147,78.0,126.0,43.61796744122157,170.38203255877843
source_disjoint,tfidf_logreg,log_loss,3.0,0.15300321925830504,0.004309334369475771,0.1485237923702513,0.1571194757404424,0.14229823923854845,0.16370819927806163
source_disjoint,tfidf_logreg,macro_f1,3.0,0.9594207614597042,0.005077821717494034,0.9546396023198012,0.9647506711155504,0.9468067530377324,0.972034769881676
source_disjoint,tfidf_logreg,macro_precision,3.0,0.957307944522439,0.007691664605549755,0.9518381660757588,0.966102771634276,0.9382007904096575,0.9764150986352204
source_disjoint,tfidf_logreg,macro_recall,3.0,0.9617974550241174,0.003651603376083991,0.9576134708013488,0.9643421216697378,0.9527263693692324,0.9708685406790024
source_disjoint,tfidf_logreg,n,3.0,7247.333333333333,90.34009814768486,7180.0,7350.0,7022.916088641443,7471.750578025223
source_disjoint,tfidf_logreg,true_negatives,3.0,2247.0,20.808652046684813,2234.0,2271.0,2195.3084427201397,2298.6915572798603
source_disjoint,tfidf_logreg,true_positives,3.0,4741.0,73.74957626996917,4683.0,4824.0,4557.795896362162,4924.204103637838
source_disjoint,tfidf_logreg,weighted_f1,3.0,0.9643365018482122,0.004200343913473486,0.960398242194262,0.9687572581077836,0.9539022691304317,0.9747707345659926
