model,metric,n_seeds,source_minus_random_mean,source_minus_random_std,source_minus_random_minimum,source_minus_random_maximum,source_minus_random_ci95_low_t,source_minus_random_ci95_high_t
bert_tiny,accuracy,3.0,-0.012900967105440938,0.00684278517200091,-0.019665576154125786,-0.005982597363375031,-0.029899387804614368,0.004097453593732489
bert_tiny,balanced_accuracy,3.0,-0.0032179038178233497,0.002555997629312912,-0.005824098053040405,-0.000715249453855038,-0.009567353919943997,0.003131546284297297
bert_tiny,brier_score,3.0,0.010765142151975033,0.007014727515542603,0.0036280768591339004,0.0176507708735195,-0.006660407007037046,0.028190691310987115
bert_tiny,ece_10,3.0,0.030790820669787795,0.01650815153457465,0.0117316074273634,0.040601247559722095,-0.010217701108538178,0.07179934244811377
bert_tiny,false_negatives,3.0,135.66666666666666,87.7857239722572,38.0,208.0,-82.40516080612244,353.7384941394557
bert_tiny,false_positives,3.0,-71.33333333333333,40.15387071420803,-96.0,-25.0,-171.08107784724467,28.414411180578
bert_tiny,log_loss,3.0,0.03839727381189693,0.024153546562274274,0.013085572004179397,0.0611962073455011,-0.02160346207596614,0.09839800969976
bert_tiny,macro_f1,3.0,-0.01358070404984705,0.007443967568115323,-0.020913281791921978,-0.006030135207248155,-0.03207254461084872,0.004911136511154617
bert_tiny,macro_precision,3.0,-0.021783012284274927,0.01159312288553932,-0.03172302966707241,-0.009047854588415394,-0.05058192604119896,0.007015901472649105
bert_tiny,macro_recall,3.0,-0.0032179038178233497,0.002555997629312912,-0.005824098053040405,-0.000715249453855038,-0.009567353919943997,0.003131546284297297
bert_tiny,n,3.0,-1005.6666666666666,90.34009814768486,-1073.0,-903.0,-1230.0839113585566,-781.2494219747765
bert_tiny,true_negatives,3.0,-238.66666666666666,17.243356208503418,-254.0,-220.0,-281.5015381013542,-195.83179523197913
bert_tiny,true_positives,3.0,-831.3333333333334,46.14469994845923,-884.0,-798.0,-945.9631226727045,-716.7035439939623
bert_tiny,weighted_f1,3.0,-0.012451074198595702,0.006508844355739481,-0.018902821129680114,-0.005886596833191482,-0.02861993992260143,0.003717791525410026
cnn,accuracy,3.0,-0.007314165573180764,0.0036785156883003775,-0.0107967665437676,-0.0034668984383834367,-0.016452105117752955,0.0018237739713914264
cnn,balanced_accuracy,3.0,-0.003583726424560729,0.0069584439591007284,-0.007628452345546433,0.004451130735515618,-0.020869459478464122,0.013702006629342664
cnn,brier_score,3.0,0.005733468384390532,0.002169928729215845,0.0034438883459533,0.007759710685680397,0.0003430665963349809,0.011123870172446083
cnn,ece_10,3.0,0.0251477916364472,0.023635050185088262,0.006985742420057398,0.0518702610110924,-0.033564927847442166,0.08386051112033657
cnn,false_negatives,3.0,52.333333333333336,93.07165698177579,-49.0,134.0,-178.86947967018682,283.5361463368535
cnn,false_positives,3.0,-37.666666666666664,75.56674753708363,-118.0,32.0,-225.38487397785246,150.05154064451915
cnn,log_loss,3.0,0.023755100710245534,0.0076013882489205445,0.019109189354694994,0.032527299294603115,0.004872205499446204,0.04263799592104486
cnn,macro_f1,3.0,-0.007811739788767221,0.004224077432384722,-0.012136871146187667,-0.0036965453151818206,-0.018304929835907615,0.002681450258373173
cnn,macro_precision,3.0,-0.011838673261123422,0.011250202696503776,-0.019672163170758594,0.00105272419889757,-0.0397857260443437,0.01610837952209686
cnn,macro_recall,3.0,-0.003583726424560729,0.0069584439591007284,-0.007628452345546433,0.004451130735515618,-0.020869459478464122,0.013702006629342664
cnn,n,3.0,-1005.6666666666666,90.34009814768486,-1073.0,-903.0,-1230.0839113585566,-781.2494219747765
cnn,true_negatives,3.0,-272.3333333333333,35.529330606322056,-299.0,-232.0,-360.59308336574315,-184.07358330092347
cnn,true_positives,3.0,-748.0,99.51381813597547,-857.0,-662.0,-995.2060284718406,-500.79397152815943
cnn,weighted_f1,3.0,-0.007139962242664148,0.00344919617118088,-0.010585999576834926,-0.0036876158894779687,-0.01570824052671942,0.001428316041391123
fnn,accuracy,3.0,-0.010053724980190784,0.003589912330230662,-0.014121964307351131,-0.007330735139108646,-0.018971561581594278,-0.001135888378787293
fnn,balanced_accuracy,3.0,-0.003636640525372529,0.009160753417101597,-0.013256409875750386,0.004983025167550448,-0.02639321355684031,0.019119932506095248
fnn,brier_score,3.0,0.006443835228916464,0.003244568919957942,0.0034106570562056973,0.009864919026684897,-0.0016161207835240984,0.014503791241357027
fnn,ece_10,3.0,0.023233047276936664,0.01331566698912111,0.0090545614854875,0.035473493222573496,-0.00984490324784806,0.056310997801721385
fnn,false_negatives,3.0,84.66666666666667,35.360052790307506,59.0,125.0,-3.1725739592186954,172.50590729255202
fnn,false_positives,3.0,-56.666666666666664,60.51721518157733,-118.0,3.0,-206.9997631093325,93.66642977599918
fnn,log_loss,3.0,0.02336030737773794,0.012641558938494545,0.010583161313730993,0.03586176976255201,-0.008043065916690833,0.054763680672166706
fnn,macro_f1,3.0,-0.010444189831825565,0.004878796146991073,-0.016028769253185193,-0.007010022906415503,-0.022563791328508297,0.0016754116648571675
fnn,macro_precision,3.0,-0.016495829420847374,0.0024902377178697786,-0.018589175699577076,-0.013741904129778604,-0.02268192284703077,-0.01030973599466398
fnn,macro_recall,3.0,-0.003636640525372529,0.009160753417101597,-0.013256409875750386,0.004983025167550448,-0.02639321355684031,0.019119932506095248
fnn,n,3.0,-1005.6666666666666,90.34009814768486,-1073.0,-903.0,-1230.0839113585566,-781.2494219747765
fnn,true_negatives,3.0,-253.33333333333334,55.184538897533,-316.0,-212.0,-390.41932751424804,-116.24733915241862
fnn,true_positives,3.0,-780.3333333333334,113.75558594343109,-848.0,-649.0,-1062.9178742976662,-497.74879236900045
fnn,weighted_f1,3.0,-0.009681073383857411,0.003769333089851428,-0.013927215360569845,-0.006730004401874767,-0.019044615860505737,-0.0003175309072090838
lstm,accuracy,3.0,-0.011575400510141312,0.005856417933801067,-0.017379398122131184,-0.005667933387002,-0.02612354915526749,0.002972748134984866
lstm,balanced_accuracy,3.0,-0.004782231951599436,0.003039284661245518,-0.0075813382640144145,-0.0015493746359761529,-0.012332233595343755,0.002767769692144883
lstm,brier_score,3.0,0.0079425669500471,0.003781717352481762,0.004294237115237798,0.011844868820684602,-0.0014517397404334616,0.01733687364052766
lstm,ece_10,3.0,0.025435265542281132,0.026072917806995388,0.0078296252267713,0.0553882184367592,-0.03933345283744283,0.0902039839220051
lstm,false_negatives,3.0,102.33333333333333,104.46211434454757,7.0,214.0,-157.1649443591324,361.831611025799
lstm,false_positives,3.0,-56.333333333333336,64.06507108661734,-129.0,-8.0,-215.47979242556517,102.81312575889848
lstm,log_loss,3.0,0.02646045050070246,0.0050005546009324825,0.022212059361122388,0.0319712263309854,0.014038384236859457,0.03888251676454546
lstm,macro_f1,3.0,-0.01224962908255689,0.006177293697657832,-0.017974707818387836,-0.005702450990353047,-0.027594877313466354,0.0030956191483525724
lstm,macro_precision,3.0,-0.01940604327939066,0.01347957496019793,-0.03317361649477035,-0.0062342214517799865,-0.052891163776383796,0.014079077217602473
lstm,macro_recall,3.0,-0.004782231951599436,0.003039284661245518,-0.0075813382640144145,-0.0015493746359761529,-0.012332233595343755,0.002767769692144883
lstm,n,3.0,-1005.6666666666666,90.34009814768486,-1073.0,-903.0,-1230.0839113585566,-781.2494219747765
lstm,true_negatives,3.0,-253.66666666666666,30.35347316755256,-281.0,-221.0,-329.06887404478573,-178.26445928854758
lstm,true_positives,3.0,-798.0,131.32783406422266,-937.0,-676.0,-1124.2364252014252,-471.76357479857484
lstm,weighted_f1,3.0,-0.011218630446866551,0.005439923424846741,-0.0165443541451743,-0.005671281262819572,-0.024732149375562354,0.002294888481829252
majority,accuracy,3.0,-0.002045220204065242,0.006628915719365316,-0.00957101668066862,0.0029277665264578756,-0.018512359730555192,0.014421919322424709
majority,balanced_accuracy,3.0,0.0,0.0,0.0,0.0,0.0,0.0
majority,brier_score,3.0,0.0007426937256777381,0.002378672448629852,-0.0010365102645553959,0.0034444512021823137,-0.005166256207865177,0.006651643659220653
majority,ece_10,3.0,0.005202438020239349,0.006008986460424629,0.0005275850046647491,0.011980273320429249,-0.009724711855498606,0.020129587895977304
majority,false_negatives,3.0,0.0,0.0,0.0,0.0,0.0,0.0
majority,false_positives,3.0,-310.0,41.58124577258358,-350.0,-267.0,-413.29354072523387,-206.70645927476613
majority,log_loss,3.0,0.0015563236993608731,0.0049789404608787165,-0.0021667877169795347,0.007211779663087614,-0.010812050064067515,0.013924697462789262
majority,macro_f1,3.0,-0.0007341848307846899,0.002366901205522113,-0.0034219170715045766,0.0010389747420622153,-0.006613893375409489,0.005145523713840109
majority,macro_precision,3.0,-0.001022610102032658,0.003314457859682627,-0.00478550834033431,0.0014638832632288823,-0.009256179865277556,0.00721095966121224
majority,macro_recall,3.0,0.0,0.0,0.0,0.0,0.0,0.0
majority,n,3.0,-1005.6666666666666,90.34009814768486,-1073.0,-903.0,-1230.0839113585566,-781.2494219747765
majority,true_negatives,3.0,0.0,0.0,0.0,0.0,0.0,0.0
majority,true_positives,3.0,-695.6666666666666,94.99649116327052,-774.0,-590.0,-931.6510328493039,-459.6823004840294
majority,weighted_f1,3.0,-0.002622070746561067,0.008524034269516935,-0.012298199218327976,0.0037775835687912096,-0.02379694573172026,0.018552804238598126
source_only_logreg,accuracy,3.0,-0.6621980852606143,0.0070550578481044434,-0.6666895839682843,-0.6540664484835144,-0.6797238205196707,-0.6446723500015579
source_only_logreg,balanced_accuracy,3.0,-0.4871861595895412,0.0016995138621854558,-0.488912221400144,-0.4855145000072536,-0.49140798606623853,-0.48296433311284387
source_only_logreg,brier_score,3.0,0.31231219930584103,0.04617348172754438,0.2692042696215719,0.361037292457193,0.19761091206363324,0.4270134865480488
source_only_logreg,ece_10,3.0,0.3084519485677831,0.07500923379236313,0.23269002314803872,0.3826851209304014,0.12211868217467658,0.49478521496088956
source_only_logreg,false_negatives,3.0,4819.333333333333,95.3117691228808,4732.0,4921.0,4582.565773281544,5056.100893385122
source_only_logreg,false_positives,3.0,-33.0,6.082762530298219,-40.0,-29.0,-48.11041979313567,-17.88958020686433
source_only_logreg,log_loss,3.0,0.7974373795745408,0.10395221765796651,0.7027548255379292,0.9086728975448866,0.5392057554703076,1.055669003678774
source_only_logreg,macro_f1,3.0,-0.7400548415020132,0.004440700834125363,-0.7436949103400001,-0.7351071485276082,-0.7510861539106651,-0.7290235290933612
source_only_logreg,macro_precision,3.0,-0.8209345183133072,0.004555873040093621,-0.8248418720217758,-0.8159303629056096,-0.8322519343421504,-0.809617102284464
source_only_logreg,macro_recall,3.0,-0.4871861595895412,0.0016995138621854558,-0.488912221400144,-0.4855145000072536,-0.49140798606623853,-0.48296433311284387
source_only_logreg,n,3.0,-1005.6666666666666,90.34009814768486,-1073.0,-903.0,-1230.0839113585566,-781.2494219747765
source_only_logreg,true_negatives,3.0,-277.0,41.14608122288197,-320.0,-238.0,-379.2125320565032,-174.78746794349678
source_only_logreg,true_positives,3.0,-5515.0,11.532562594670797,-5528.0,-5506.0,-5543.648473654543,-5486.351526345457
source_only_logreg,weighted_f1,3.0,-0.8277422475480386,0.006174389468528866,-0.8318877887891198,-0.8206461362887446,-0.8430802812738453,-0.8124042138222319
tfidf_logreg,accuracy,3.0,-0.0019126783504498368,0.005274112462733192,-0.005922002388741743,0.00406190216112623,-0.015014300015137767,0.011188943314238094
tfidf_logreg,balanced_accuracy,3.0,0.006006619905584931,0.004898631952316592,0.0008432948282742769,0.01058869505512039,-0.00616225646314986,0.018175496274319723
tfidf_logreg,brier_score,3.0,0.0028885941122227324,0.003205976619033343,-0.0008047610281782039,0.004953519103814502,-0.0050754933101078165,0.010852681534553281
tfidf_logreg,ece_10,3.0,0.016458333387730967,0.004702308769837585,0.011699946308757897,0.021102482130281805,0.004777150840283122,0.028139515935178813
tfidf_logreg,false_negatives,3.0,68.66666666666667,40.67349669420289,23.0,101.0,-32.37190034015511,169.70523367348846
tfidf_logreg,false_positives,3.0,-88.66666666666667,19.5021366350801,-108.0,-69.0,-137.11265974157683,-40.22067359175651
tfidf_logreg,log_loss,3.0,0.009826491528746262,0.006928697308644389,0.0018570070950295892,0.014421426166384088,-0.00738534674896028,0.027038329806452804
tfidf_logreg,macro_f1,3.0,-0.0014294122515255598,0.006279634697401588,-0.006335936750343274,0.0056475200704215744,-0.017028889619356717,0.014170065116305596
tfidf_logreg,macro_precision,3.0,-0.009151301123701697,0.007855776030545216,-0.013708009958860012,-8.026531467031361e-05,-0.02866613061624338,0.010363528368839988
tfidf_logreg,macro_recall,3.0,0.006006619905584931,0.004898631952316592,0.0008432948282742769,0.01058869505512039,-0.00616225646314986,0.018175496274319723
tfidf_logreg,n,3.0,-1005.6666666666666,90.34009814768486,-1073.0,-903.0,-1230.0839113585566,-781.2494219747765
tfidf_logreg,true_negatives,3.0,-221.33333333333334,37.5410886008029,-244.0,-178.0,-314.5905672667483,-128.07609939991843
tfidf_logreg,true_positives,3.0,-764.3333333333334,81.0945949699074,-824.0,-672.0,-965.783474917199,-562.8831917494678
tfidf_logreg,weighted_f1,3.0,-0.0016205198687196203,0.005214350507993243,-0.005635058166221674,0.0042728865541927785,-0.014573684607910127,0.011332644870470887
